Model,MAE,RMSE,R2
LinearRegression,52.11871677621489,61.02574574344792,0.1541280324732458
RandomForest,51.98404166666668,61.1939400952006,0.14945895572825074
GradientBoosting,54.99667770051292,64.47313560151653,0.05586080650441638
